{
  "projects": [
    {
      "id": "jetpack-datapack",
      "title": "Jetpack Datapack",
      "type": "datapack",
      "shortDescription": "Lightweight jetpack for survival. Vanilla-friendly, no mods required.",
      "modalHero": "",
      "modalBody": "",
      "modalBadges": "",
      "modalHeroActions": "",
      "modalStats": "",
      "mcVersion": "1.21.8",
      "status": "released",
      "category": "movement",
      "tags": [
        "Movement",
        "Utility",
        "Survival"
      ],
      "downloadFile": "downloads/jetpack-datapack-1.21.8.zip",
      "image": "assets/img/logo.jpg",
      "createdAt": "2024-01-01T00:00:00.000Z",
      "updatedAt": "2024-01-01T00:00:00.000Z"
    },
    {
      "id": "pickaxe-desk-print",
      "title": "Pickaxe Desk Model",
      "type": "printing",
      "shortDescription": "A Minecraft pickaxe desk model that prints support-free and snaps together.",
      "modalHero": "",
      "modalBody": "",
      "modalBadges": "",
      "modalHeroActions": "",
      "modalStats": "",
      "mcVersion": "",
      "status": "released",
      "category": "display",
      "tags": [
        "Display",
        "Desk"
      ],
      "downloadFile": "downloads/pickaxe-desk-model.zip",
      "image": "assets/img/logo.jpg",
      "createdAt": "2024-01-02T00:00:00.000Z",
      "updatedAt": "2024-01-02T00:00:00.000Z"
    }
  ]
}