{
  "type": "minecraft:crafting_shapeless",
  "ingredients": [
    [
      "minecraft:slime_ball"
    ],
    [
      "minecraft:ender_pearl"
    ]
  ],
  "result": {
    "id": "minecraft:turtle_scute",
    "components": {
      "minecraft:consumable": {
        "consume_seconds": 0.01,
        "sound": "minecraft:entity.player.teleport",
        "has_consume_particles": false,
        "on_consume_effects": []
      },
      "minecraft:custom_data": "{elevator:true}",
      "minecraft:custom_name": "Elevator"
    }
  }
}