{
  "projects": [
    {
      "shortDescription": "Lightweight jetpack for survival. Vanilla-friendly, no mods required.",
      "mcVersion": "1.21.8",
      "downloadFile": "downloads/jetpack-datapack-1.21.8.zip",
      "modalHero": "",
      "modalContent": {
        "infoTitle": "Details",
        "infoItems": [
          {
            "key": "Status",
            "value": "Released"
          },
          {
            "key": "Minecraft",
            "value": "1.21.8"
          }
        ],
        "tagsTitle": "Tags",
        "modalTags": [
          "Movement",
          "Utility",
          "Survival"
        ],
        "description": [
          "Lightweight jetpack for survival. Vanilla-friendly, no mods required."
        ],
        "steps": [
          "Download the datapack ZIP and drop it into your world's datapacks folder.",
          "Reload the world and enable the pack with /reload."
        ],
        "versions": [
          {
            "release": "v01",
            "minecraft": "1.21.8",
            "date": "2024-01-01T00:00:00.000Z",
            "downloadFile": "downloads/jetpack-datapack-1.21.8.zip",
            "labelEn": "Download",
            "labelDe": "Herunterladen",
            "notes": "Initial release for 1.21.8."
          }
        ],
        "gallery": [
          {
            "src": "assets/img/logo.jpg",
            "alt": "Jetpack datapack logo"
          }
        ]
      },
      "updatedAt": "2024-01-01T00:00:00.000Z",
      "modalBody": "",
      "modalStats": "",
      "status": "released",
      "modalHeroActions": "",
      "title": "Jetpack Data....",
      "tags": [
        "Movement",
        "Utility",
        "Survival"
      ],
      "type": "datapack",
      "id": "jetpack-datapack testwritten",
      "createdAt": "2024-01-01T00:00:00.000Z",
      "image": "assets/img/logo.jpg",
      "modalBadges": "",
      "category": "movement",
      "tagMeta": [
        {
          "label": "Movement",
          "color": "#4CAF50",
          "description": "Movement-focused gameplay utility",
          "icon": "🪂"
        },
        {
          "label": "Utility",
          "color": "#2196F3",
          "description": "Useful survival helper",
          "icon": "🛠️"
        },
        {
          "label": "Survival",
          "color": "#8BC34A",
          "description": "Balanced for survival worlds",
          "icon": "🧭"
        }
      ]
    },
    {
      "shortDescription": "A Minecraft pickaxe desk model that prints support-free and snaps together.",
      "mcVersion": "",
      "downloadFile": "downloads/pickaxe-desk-model.zip",
      "modalHero": "",
      "modalContent": {
        "infoTitle": "Print Details",
        "infoItems": [
          {
            "key": "Status",
            "value": "Released"
          },
          {
            "key": "Format",
            "value": "STL"
          }
        ],
        "tagsTitle": "Tags",
        "modalTags": [
          "Display",
          "Desk"
        ],
        "description": [
          "A Minecraft pickaxe desk model that prints support-free and snaps together."
        ],
        "steps": [
          "Slice the model with 0.2mm layer height.",
          "Print without supports and assemble the parts."
        ],
        "versions": [
          {
            "release": "v01",
            "minecraft": "Print",
            "date": "2024-02-15T00:00:00.000Z",
            "downloadFile": "downloads/pickaxe-desk-model.zip",
            "labelEn": "Download",
            "labelDe": "Herunterladen",
            "notes": "Initial print-ready files."
          }
        ],
        "gallery": [
          {
            "src": "assets/img/logo.jpg",
            "alt": "Pickaxe desk model render"
          }
        ]
      },
      "modalBody": "",
      "modalStats": "",
      "status": "released",
      "modalHeroActions": "",
      "title": "Pickaxe Desk Model",
      "tags": [
        "Display",
        "Desk"
      ],
      "type": "printing",
      "id": "pickaxe-desk-print",
      "image": "/assets/uploads/screenshot-2024-06-15-211142.png",
      "modalBadges": "",
      "category": "display",
      "tagMeta": [
        {
          "label": "Display",
          "color": "#FFC107",
          "description": "Looks great on any shelf",
          "icon": "🖼️"
        },
        {
          "label": "Desk",
          "color": "#00BCD4",
          "description": "Sized for your workspace",
          "icon": "🪑"
        }
      ]
    }
  ]
}
